TEXT	0 = non relevant /contextual----  1= Peace ----- 2= Patriotism/Land ------ 3= Blood/War/Battle ------- 4= Pride  ------- 5= National Resources/Beauty of the Land ------------ 6 = Freedom/Prosperity/Triumph	TRANSLATION
Mexicanos,	0	0
al	0	0
grito	3	Shout of war
de	3	Shout of war
guerra,%	3	Shout of war
El	3	Ready your steel
acero	3	Ready your steel
aprestad	3	Ready your steel
y	0	0
el	0	0
bridón,%	0	0
Y	0	0
retiemble	3	The Earth may tremble at its core
en	3	The Earth may tremble at its core
sus	3	The Earth may tremble at its core
centros	3	The Earth may tremble at its core
la	3	The Earth may tremble at its core
tierra,%	3	The Earth may tremble at its core
Al	0	0
sonoro	0	0
rugir	3	Roar of the cannon.
del	3	Roar of the cannon.
cañón.%	3	Roar of the cannon.
¡Y	0	0
retiemble	3	The Earth may tremble at its core
en	3	The Earth may tremble at its core
sus	3	The Earth may tremble at its core
centros	3	The Earth may tremble at its core
la	3	The Earth may tremble at its core
tierra!%	3	The Earth may tremble at its core
Al	0	0
sonoro	0	0
rugir	3	Roar of the cannon.
del	3	Roar of the cannon.
cañón.&%	3	Roar of the cannon.
Ciña	0	0
¡Oh	2	Oh Fatherland!
Patria!	2	Oh Fatherland!
tus	0	0
sienes	0	0
de	0	0
oliva%	0	0
de	0	0
la	1	The Peace of the Divine Archaengel
paz	1	The Peace of the Divine Archaengel
del	1	The Peace of the Divine Archaengel
arcángel	1	The Peace of the Divine Archaengel
divino,%	1	The Peace of the Divine Archaengel
que	0	0
en	1	Heaven
el	1	HEaven
cielo	1	Heaven
tu	2	Your Eternal Destiny
eterno	2	Your Eternal Destiny
destino%	2	Your Eternal Destiny
por	0	0
el	1	0
dedo	1	The Finger of God
de	1	The Finger of God
Dios	1	The Finger of God
se	0	0
escribió.%	0	0
Mas	0	0
si	0	0
osare	0	0
un	0	0
extraño	3	Strange Enemy
enemigo%	3	Strange Enemy
profanar	3	Profane this grounds
con	3	Profane this grounds
su	3	Profane this grounds
planta	3	Profane this grounds
tu	3	Profane this grounds
suelo,%	3	Profane this grounds
piensa	0	0
¡Oh	2	Oh dear Fatherland!
Patria	2	Oh dear Fatherland!
querida!	2	Oh dear Fatherland!
que	0	0
el	0	0
cielo%	1	Heaven
un	3	There is a soldier in all of your sons
soldado	3	There is a soldier in all of your sons
en	3	There is a soldier in all of your sons
cada	3	There is a soldier in all of your sons
hijo	3	There is a soldier in all of your sons
te	0	0
dio.%	0	0
¡Un	3	There is a soldier in all of your sons
soldado	3	There is a soldier in all of your sons
en	3	There is a soldier in all of your sons
cada	3	There is a soldier in all of your sons
hijo	3	There is a soldier in all of your sons
te	0	0
dio!&%	0	0
En	0	0
sangrientos	3	Bloody Combats
combates	3	Bloody Combats
los	0	0
viste%	0	0
por	0	0
tu	0	0
amor	1	Palpitating Love
palpitando	1	Palpitating Love
sus	0	0
senos,%	0	0
arrostrar	3	Face the Shrapnel
la	3	Face the Shrapnel
metralla	3	Face the Shrapnel
serenos,%	1	Serenity
y	0	0
la	2	Death and Glory
muerte	2	Death and Glory
o	2	Death and Glory
la	2	Death and Glory
gloria	2	Death and Glory
buscar.%	0	0
Si	0	0
el	0	0
recuerdo	2	Memories
de	0	0
antiguas	2	Old Heroic Feats
hazañas,%	2	Old Heroic Feats
de	0	0
tus	0	0
hijos	0	0
inflama	0	0
la	0	0
mente,%	0	0
los	5	0
laureles	5	Laurels of trumph
del	5	Laurels of trumph
triunfo,	5	Laurels of trumph
tu	5	0
frente,%	5	0
volverán	5	0
inmortales	5	Immortal 
a	5	0
ornar.%	5	0
¡Volverán	5	0
inmortales	5	Immortal
a	5	0
ornar!&%	5	0
Como	0	0
al	0	0
golpe	3	Strike of a Thunder
del	3	Strike of a Thunder
rayo	3	Strike of a Thunder
la	0	0
encina%	0	0
se	0	0
derrumba	3	Collapse
hasta	0	0
el	3	The deep bloodstream
hondo	3	The deep bloodstream
to	3	The deep bloodstream
torrente%	0	0
discordia	0	0
vencida,	3	Defeat
impotente,%	3	Impotent
a	0	0
los	1	The feet of the archaengel
pies	1	The feet of the archaengel
del	1	The feet of the archaengel
arcángel	1	The feet of the archaengel
cayó.%	0	0
Ya	0	0
no	0	0
más	0	0
de	0	0
tus	0	0
hijos	0	0
la sangre%	3	The blood spills
se derrama	3	The blood spills
en	0	0
contienda	3	War between brothers
de	3	War between brothers
hermanos;%	3	War between brothers
solo	0	0
encuentre	0	0
el	3	The steel in his hands
acero	3	The steel in his hands
en	3	The steel in his hands
sus	3	The steel in his hands
manos%	3	The steel in his hands
quien	3	He whom Insulted your sacred name.
tu	3	He whom Insulted your sacred name.
nombre	3	He whom Insulted your sacred name.
sagrado	3	He whom Insulted your sacred name.
insultó.%	3	He whom Insulted your sacred name.
¡Quien	3	He whom Insulted your sacred name!
tu	3	He whom Insulted your sacred name!
nombre	3	He whom Insulted your sacred name!
sagrado	3	He whom Insulted your sacred name!
insultó!&%	3	He whom Insulted your sacred name!
Del	0	0
guerrero	3	Immortal Warrior
inmortal	3	Immortal Warrior
de	0	0
Zempoala%	0	0
Te	0	0
defiende	0	0
la	0	0
espada	3	Terrible Sword
terrible,%	3	Terrible Sword
Y	0	0
sostiene	0	0
su	0	0
brazo	2	Invincible Arm
invencible%	2	Invincible Arm
tu	0	0
sagrado	2	Sacred Banner
pendón	2	Sacred Banner
tricolor.%	0	0
¡Él	4	The happy citizen
será	4	The happy citizen
del	4	The happy citizen
feliz	4	The happy citizen
mexicano!%	4	0
en	1	In Peace
la	1	In Peace
paz	1	In Peace
y	0	0
en	3	In War
la	3	In War
guerra!	3	In War
el	0	0
caudillo,%	0	0
porque	0	0
él	0	0
supo	0	0
sus	0	0
armas	3	Weapons that shine
de	3	Weapons that shine
brillo%	3	Weapons that shine
circundar	3	Wield 
en	0	0
los	0	0
campos	2	The fields of Honor
de	2	The fields of Honor
honor.%	2	The fields of Honor
¡Circundar	3	Wield
en	0	0
los	0	0
campos	2	The fields of Honor
de	2	The fields of Honor
honor!&%	2	The fields of Honor
¡Guerra,	3	War, War without truce.
guerra!	3	War, War without truce.
sin	3	War, War without truce.
tregua	3	War, War without truce.
al	0	0
que	0	0
intente%	0	0
De	0	0
la patria	2	The Fatherland
manchar	0	0
los	0	0
blasones!%	0	0
¡Guerra,	3	War!
guerra!	3	War!
Los	0	0
patrios	2	Patriotic
pendones%	0	0
En	3	Drenched in the waves of blood
las	3	Drenched in the waves of blood
olas	3	Drenched in the waves of blood
de	3	Drenched in the waves of blood
sangre	3	Drenched in the waves of blood
empapad.%	3	Drenched in the waves of blood
¡Guerra,	3	War!
guerra!	3	War!
En	0	0
el	0	0
monte,	0	0
en	0	0
el	0	0
valle%	0	0
Los	3	The sound of the horrid cannons
cañones	3	The sound of the horrid cannons
horrísonos	3	The sound of the horrid cannons
truenen,%	3	The sound of the horrid cannons
Y	0	0
los	0	0
ecos	0	0
sonoros	0	0
resuenen%	0	0
Con	0	0
las	0	0
voces	0	0
de	0	0
¡Unión!	1	Union!
¡Libertad!%	1	Liberty!
¡Con	0	0
las	0	0
voces	0	0
de	0	0
¡Unión!	1	Union!
¡Libertad!!&%	1	Libery!
Antes,	0	0
Patria,	2	Fatherland
que	0	0
inermes	0	0
tus	0	0
hijos%	0	0
bajo	3	Under the yoke their necks break
el	3	Under the yoke their necks break
yugo	3	Under the yoke their necks break
su	3	Under the yoke their necks break
cuello	3	Under the yoke their necks break
dobleguen%	3	Under the yoke their necks break
tus	3	Irrigate the fields with blood
campiñas	3	Irrigate the fields with blood
con	3	Irrigate the fields with blood
sangre	3	Irrigate the fields with blood
se	3	Irrigate the fields with blood
rieguen,%	3	Irrigate the fields with blood
sobre	3	Over blood their feet will print
sangre	3	Over blood their feet will print
se	3	Over blood their feet will print
estampe	3	Over blood their feet will print
su	3	Over blood their feet will print
pie.%	3	Over blood their feet will print
Y	0	0
tus	0	0
templos,	2	Your Temples
palacios	2	Your Palaces
y	0	0
torres%	2	Your Towers
se	3	Will collapse in horrid roars
derrumben	3	Will collapse in horrid roars
con	3	Will collapse in horrid roars
hórrido	3	Will collapse in horrid roars
estruendo,%	3	Will collapse in horrid roars
y	0	0
sus	0	0
ruinas	3	Ruins
existan	0	0
diciendo:%	0	0
de	2	Of a Thousand Heroes
mil	2	Of a Thousand Heroes
héroes	2	Of a Thousand Heroes
la	2	Our Fatherland was born here
Patria,	2	Our Fatherland was born here
aquí	2	Our Fatherland was born here
fue.%	2	Our Fatherland was born here
¡De	2	Of a Thousand Heroes
mil	2	Of a Thousand Heroes
héroes	2	Of a Thousand Heroes
la	2	Our Fatherland was born here
Patria,	2	Our Fatherland was born here
aquí	2	Our Fatherland was born here
fue!&%	2	Our Fatherland was born here
Si	0	0
a	0	0
la	0	0
lid	0	0
contra	3	Against Enemy hordes
hueste	3	Against Enemy hordes
enemiga%	3	Against Enemy hordes
nos	0	0
convoca	0	0
la	0	0
trompa	3	War trumpet
guerrera,%	3	War trumpet
de	0	0
Iturbide	0	0
la	0	0
sacra	2	Sacred Flag
bandera%	2	Sacred Flag
¡Mexicanos!	0	0
valientes	2	Brave
seguid.%	0	0
Y	0	0
a	0	0
los	0	0
fieros	2	Fierce Bridoons
bridones	2	Fierce Bridoons
les	0	0
sirvan%	0	0
las	0	0
vencidas	0	0
enseñas	0	0
de	0	0
alfombra:%	0	0
los	5	0
laureles	5	Laurels of Triumph
del	5	Laurels of Triumph
triunfo	5	Laurels of Triumph
den	0	0
sombra%	0	0
a	0	0
la	0	0
frente	0	0
del	0	0
bravo	0	0
adalid.%	0	0
¡A	0	0
la	0	0
frente	0	0
del	0	0
bravo	0	0
adalid!&%	0	0
Vuelva	1	Back alive
altivo	1	Back alive
a	0	0
los	0	0
patrios	1	On our fatherland's homes
hogares%	1	On our fatherland's homes
el guerrero a contar su victoria%	1	The Warrior tells tales of Victory
guerrero	1	The Warrior tells tales of Victory
a	1	The Warrior tells tales of Victory
contar	1	The Warrior tells tales of Victory
su	1	The Warrior tells tales of Victory
victoria%	1	The Warrior tells tales of Victory
ostentando	0	0
las	0	0
palmas	2	Palms of Glory
de	2	Palms of Glory
gloria%	2	Palms of Glory
que	0	0
supiera	0	0
en	0	0
la	0	0
lid	0	0
conquistar.%	3	Conquered
Tornáranse	0	0
sus	0	0
lauros	3	Bloody Laurels
sangrientos%	3	Bloody Laurels
en	0	0
guirnaldas	1	Garlands of myrtle and roses
de	1	Garlands of myrtle and roses
mirtos	1	Garlands of myrtle and roses
y	1	Garlands of myrtle and roses
rosas%	1	Garlands of myrtle and roses
que	0	0
el	1	The Love of Daughters and Wives
amor	1	The Love of Daughters and Wives
de	1	The Love of Daughters and Wives
las	1	The Love of Daughters and Wives
hijas	1	The Love of Daughters and Wives
y	1	The Love of Daughters and Wives
esposas%	1	The Love of Daughters and Wives
también	0	0
sabe	0	0
a	2	A Reward for the Brave
los	2	A Reward for the Brave
bravos	2	A Reward for the Brave
premiar.%	2	A Reward for the Brave
¡También	0	0
sabe	0	0
a	2	A Reward for the Brave
los	2	A Reward for the Brave
bravos	2	A Reward for the Brave
premiar!&%	2	A Reward for the Brave
Y	0	0
el	0	0
que	0	0
al	0	0
golpe	3	The strike of burning shrapnel
de	3	The strike of burning shrapnel
ardiente	3	The strike of burning shrapnel
metralla%	3	The strike of burning shrapnel
de	0	0
la	2	Our Fatherland
Patria	2	Our Fatherland
en	0	0
las	0	0
aras	3	Death on the fields
sucumba%	3	Death on the fields
obtendrá	0	0
en	3	A grave is his prize
recompensa	3	A grave is his prize
una	3	A grave is his prize
tumba%	3	A grave is his prize
donde	0	0
brille	6	0
de	6	0
gloria	6	Glory
la	6	0
luz.%	6	Light
Y	0	0
de	0	0
Iguala	0	0
la	0	0
enseña	0	0
querida%	0	0
a	0	0
su	0	0
espada	3	Bloody Sword
sangrienta%	3	Bloody Sword
enlazada,	0	0
de	0	0
laurel	2	Immortal Laurels
inmortal	2	Immortal Laurels
coronada,%	2	Crown
formará	0	0
de	0	0
su	0	0
fosa	0	0
la	0	0
cruz.%	0	0
¡Formará	0	0
de	0	0
su	0	0
fosa	0	0
la	0	0
cruz!&%	0	0
¡Patria!	2	Fatherland!
¡Patria!	2	Fatherland!
tus	0	0
hijos	0	0
te	0	0
juran%	0	0
exhalar	0	0
en	0	0
tus	0	0
aras	0	0
su	0	0
aliento,%	0	0
si	0	0
el	0	0
clarín	0	0
con	0	0
su	0	0
bélico	3	Belligerent Tone
acento%	3	Belligerent Tone
los	0	0
convoca	0	0
a	0	0
lidiar	3	Fight with Strength
con	3	Fight with Strength
valor.%	3	Fight with Strength
¡Para	0	0
ti	0	0
las	1	0
guirnaldas	1	Flowers of Olive
de	1	Flowers of Olive
oliva;%	1	Flowers of Olive
¡un	0	0
recuerdo	1	Memories of glory
para	0	0
ellos	0	0
de	0	0
gloria!%	1	Memories of Glory
¡un	6	0
laurel	6	Laurel of Victory
para	6	0
ti	6	0
de	6	Laurel of Victory
victoria;%	6	Laurel of Victory
¡un	0	0
sepulcro	3	Honorable Tomb
para	0	0
ellos	0	0
de	0	0
honor!%	2	Honorable Tomb
¡Un	0	0
sepulcro	3	Honorable Tomb
para	0	0
ellos	0	0
de	0	0
honor!&%	2	Honorable Tomb